metric,value
metrics/precision(B),0.8069223680712508
metrics/recall(B),0.4821472241860687
metrics/mAP50(B),0.6458534157717284
metrics/mAP50-95(B),0.45376331821578
fitness,0.47297232797137484
